﻿<?xml version="1.0" encoding="utf-8"?><fo:root language="PL" xmlns:fo="http://www.w3.org/1999/XSL/Format"><fo:layout-master-set><fo:simple-page-master master-name="Raport" page-height="297mm" page-width="210mm" margin-top="5mm" margin-bottom="5mm" margin-left="5mm" margin-right="5mm"><fo:region-body margin-top="10mm" margin-bottom="10mm" /><fo:region-after region-name="xsl-region-after" extent="20mm" /></fo:simple-page-master></fo:layout-master-set><fo:page-sequence master-reference="Raport"><fo:static-content flow-name="xsl-region-after"><fo:block><fo:block>Przemysław Gęsieniec</fo:block><fo:block>Łukasz Zimoń</fo:block><fo:block text-align="right">Data wygenerowania: 2016-11-27T18:59:00Z</fo:block></fo:block></fo:static-content><fo:flow flow-name="xsl-region-body"><fo:block font-weight="bold" text-align="center" font-size="large">Statysyki miast</fo:block><fo:block border-color="black" border-width="0.6mm" border-style="solid" margin-top="5mm" margin-bottom="5mm" margin-left="5mm" margin-right="5mm"><fo:block>Łódź</fo:block><fo:list-block><fo:list-item><fo:list-item-label><fo:block>Liczba samochodow:</fo:block></fo:list-item-label><fo:list-item-body><fo:block margin-left="150mm">4</fo:block></fo:list-item-body></fo:list-item><fo:list-item><fo:list-item-label><fo:block>Srednia cena wypozyczenia:</fo:block></fo:list-item-label><fo:list-item-body><fo:block margin-left="150mm">47.48 PLN</fo:block></fo:list-item-body></fo:list-item><fo:list-item><fo:list-item-label><fo:block>Sredni przebieg:</fo:block></fo:list-item-label><fo:list-item-body><fo:block margin-left="150mm">126968 km</fo:block></fo:list-item-body></fo:list-item><fo:list-item><fo:list-item-label><fo:block>Sredni wiek:</fo:block></fo:list-item-label><fo:list-item-body><fo:block margin-left="150mm">2006</fo:block></fo:list-item-body></fo:list-item></fo:list-block></fo:block><fo:block border-color="black" border-width="0.6mm" border-style="solid" margin-top="5mm" margin-bottom="5mm" margin-left="5mm" margin-right="5mm"><fo:block>Warszawa</fo:block><fo:list-block><fo:list-item><fo:list-item-label><fo:block>Liczba samochodow:</fo:block></fo:list-item-label><fo:list-item-body><fo:block margin-left="150mm">5</fo:block></fo:list-item-body></fo:list-item><fo:list-item><fo:list-item-label><fo:block>Srednia cena wypozyczenia:</fo:block></fo:list-item-label><fo:list-item-body><fo:block margin-left="150mm">138.31 PLN</fo:block></fo:list-item-body></fo:list-item><fo:list-item><fo:list-item-label><fo:block>Sredni przebieg:</fo:block></fo:list-item-label><fo:list-item-body><fo:block margin-left="150mm">91695 km</fo:block></fo:list-item-body></fo:list-item><fo:list-item><fo:list-item-label><fo:block>Sredni wiek:</fo:block></fo:list-item-label><fo:list-item-body><fo:block margin-left="150mm">2013</fo:block></fo:list-item-body></fo:list-item></fo:list-block></fo:block><fo:block border-color="black" border-width="0.6mm" border-style="solid" margin-top="5mm" margin-bottom="5mm" margin-left="5mm" margin-right="5mm"><fo:block>Wrocław</fo:block><fo:list-block><fo:list-item><fo:list-item-label><fo:block>Liczba samochodow:</fo:block></fo:list-item-label><fo:list-item-body><fo:block margin-left="150mm">3</fo:block></fo:list-item-body></fo:list-item><fo:list-item><fo:list-item-label><fo:block>Srednia cena wypozyczenia:</fo:block></fo:list-item-label><fo:list-item-body><fo:block margin-left="150mm">69.01 PLN</fo:block></fo:list-item-body></fo:list-item><fo:list-item><fo:list-item-label><fo:block>Sredni przebieg:</fo:block></fo:list-item-label><fo:list-item-body><fo:block margin-left="150mm">146178 km</fo:block></fo:list-item-body></fo:list-item><fo:list-item><fo:list-item-label><fo:block>Sredni wiek:</fo:block></fo:list-item-label><fo:list-item-body><fo:block margin-left="150mm">1999</fo:block></fo:list-item-body></fo:list-item></fo:list-block></fo:block><fo:block font-weight="bold" text-align="center" font-size="large" margin-bottom="100mm" margin-top="100mm" line-height="20mm">Wypozyczenia</fo:block><fo:table margin-left="50mm" margin-right="50mm" margin-bottom="10mm" margin-top="10mm" table-layout="fixed" width="200mm"><fo:table-column column-width="proportional-column-width(1)" /><fo:table-column column-width="proportional-column-width(1)" /><fo:table-column column-width="proportional-column-width(1)" /><fo:table-column column-width="proportional-column-width(1)" /><fo:table-column column-width="proportional-column-width(1)" /><fo:table-header><fo:table-row><fo:table-cell text-align="center"><fo:block font-weight="bold">Samochod</fo:block></fo:table-cell><fo:table-cell text-align="center"><fo:block font-weight="bold">Pracownik</fo:block></fo:table-cell><fo:table-cell text-align="center"><fo:block font-weight="bold">Data Wypozyczenia</fo:block></fo:table-cell><fo:table-cell text-align="center"><fo:block font-weight="bold">Data Zwrotu</fo:block></fo:table-cell><fo:table-cell text-align="center"><fo:block font-weight="bold">Wypozyczajacy</fo:block></fo:table-cell></fo:table-row></fo:table-header><fo:table-body><fo:table-row line-height="20mm" border-color="black" border-width="0.6mm" border-style="solid" margin-top="5mm" margin-bottom="5mm" margin-left="5mm" margin-right="5mm" border-bottom-color="black" border-bottom-width="thin" border-bottom-style="solid" border-top-color="black" border-top-width="thin" border-top-style="solid" border-left-color="black" border-left-width="thin" border-left-style="solid" border-right-color="black" border-right-width="thin" border-right-style="solid"><fo:table-cell><fo:block>Honda Civic</fo:block></fo:table-cell><fo:table-cell><fo:block>Jan Kowalski</fo:block></fo:table-cell><fo:table-cell><fo:block>2016-10-03</fo:block></fo:table-cell><fo:table-cell><fo:block>2016-11-11</fo:block></fo:table-cell><fo:table-cell><fo:block>Michał Nowak</fo:block></fo:table-cell></fo:table-row><fo:table-row line-height="20mm" border-color="black" border-width="0.6mm" border-style="solid" margin-top="5mm" margin-bottom="5mm" margin-left="5mm" margin-right="5mm" border-bottom-color="black" border-bottom-width="thin" border-bottom-style="solid" border-top-color="black" border-top-width="thin" border-top-style="solid" border-left-color="black" border-left-width="thin" border-left-style="solid" border-right-color="black" border-right-width="thin" border-right-style="solid"><fo:table-cell><fo:block>Fiat Multipla</fo:block></fo:table-cell><fo:table-cell><fo:block>Adam Garnys</fo:block></fo:table-cell><fo:table-cell><fo:block>2016-08-21</fo:block></fo:table-cell><fo:table-cell><fo:block>2016-12-12</fo:block></fo:table-cell><fo:table-cell><fo:block>Piotr Borowski</fo:block></fo:table-cell></fo:table-row></fo:table-body></fo:table></fo:flow></fo:page-sequence></fo:root>