<?xml version="1.0" encoding="UTF-8"?>
<repertuar>
    <metadane>
        <autorzy>
		<autor imie="Piotr" nazwisko="Rokicki" />
      <autor imie="Filip" nazwisko="Łuczak" />
        </autorzy>
        <wersja>3.0</wersja>
        <opis>Ranking filmów kinowych według serwisu Filmweb</opis>
    </metadane>
	<filmy>
    <film id="sns" studio = "twentieth">
        <tytuł>Skazani na Shawshank</tytuł>
        <reżyser>Frank Darabont</reżyser>
        <data_premiery>1995-04-16</data_premiery>
        <aktorzy>
            <aktor filmweb="http://www.filmweb.pl/person/Tim.Robbins">
                <imię>Tim</imię>
                <nazwisko>Robbibs</nazwisko>
            </aktor>
            <aktor filmweb="http://www.filmweb.pl/person/Morgan.Freeman">
                <imię>Morgan</imię>
                <nazwisko>Freeman</nazwisko>
            </aktor>
            <aktor>
                <imię>Bob</imię>
                <nazwisko>Gunton</nazwisko>
            </aktor>
        </aktorzy>
        <gatunek rodzaj="Dramat"/>
        <box_office waluta="Dolarów">59841469</box_office>
        <ograniczenie_wiekowe od_lat="16"/>
		<ocena>7</ocena>
    </film>
    <film id="nie" studio = "twentieth">
        <tytuł>Nietykalni</tytuł>
        <reżyser>Olivier Nakache</reżyser>
        <reżyser>Eric Toledano</reżyser>
        <data_premiery>2012-04-13</data_premiery>
        <aktorzy>
            <aktor>
                <imię>Francois</imię>
                <nazwisko>Cluzet</nazwisko>
            </aktor>
            <aktor>
                <imię>Omar</imię>
                <nazwisko>Sy</nazwisko>
            </aktor>
        </aktorzy>
        <gatunek rodzaj="Komedia"/>
        <box_office waluta="Dolarów">426588510</box_office>
        <ograniczenie_wiekowe od_lat="13"/>
		<ocena>8</ocena>
    </film>
    <film id="zm" studio = "twentieth">
        <tytuł>Zielona mila</tytuł>
        <reżyser>Frank Darabont</reżyser>
        <data_premiery>2000-03-24</data_premiery>
        <aktorzy>
            <aktor>
                <imię>Tom</imię>
                <nazwisko>Hanks</nazwisko>
            </aktor>
            <aktor>
                <imię>David</imię>
                <nazwisko>Morse</nazwisko>
            </aktor>
            <aktor>
                <imię>Bonnie</imię>
                <nazwisko>Hunt</nazwisko>
            </aktor>
            <aktor>
                <imię>Michael</imię>
                <nazwisko>Clarke Duncan</nazwisko>
            </aktor>
        </aktorzy>
        <gatunek rodzaj="Dramat"/>
        <box_office waluta="Dolarów">286801374</box_office>
        <ograniczenie_wiekowe od_lat="16"/>
		<ocena>9</ocena>
    </film>
    <film id="oc1" studio = "twentieth">
        <tytuł>Ojciec chrzestny</tytuł>
        <reżyser>Francis Ford Coppola</reżyser>
        <data_premiery>1972-12-31</data_premiery>
        <aktorzy>
            <aktor>
                <imię>Marlon</imię>
                <nazwisko>Brando</nazwisko>
            </aktor>
            <aktor>
                <imię>Al</imię>
                <nazwisko>Pacino</nazwisko>
            </aktor>
            <aktor>
                <imię>James</imię>
                <nazwisko>Caan</nazwisko>
            </aktor>
            <aktor>
                <imię>Richard</imię>
                <nazwisko>Castellano</nazwisko>
            </aktor>
            <aktor>
                <imię>Robert</imię>
                <nazwisko>Duvall</nazwisko>
            </aktor>
        </aktorzy>
        <gatunek rodzaj="Dramat"/>
        <box_office waluta="Dolarów">245066411</box_office>
        <ograniczenie_wiekowe od_lat="16"/>
		<ocena>7</ocena>
    </film>
    <film id="dgl" studio = "twentieth">
        <tytuł>Dwunastu gniewnych ludzi</tytuł>
        <reżyser>Sidney Lumet</reżyser>
        <data_premiery>1959-11-01</data_premiery>
        <aktorzy>
            <aktor>
                <imię>Martin</imię>
                <nazwisko>Balsam</nazwisko>
            </aktor>
            <aktor>
                <imię>John</imię>
                <nazwisko>Fiedler</nazwisko>
            </aktor>
            <aktor>
                <imię>Jack</imię>
                <nazwisko>Klugman</nazwisko>
            </aktor>
        </aktorzy>
        <gatunek rodzaj="Dramat"/>
        <ograniczenie_wiekowe od_lat="13"/>
		<ocena>6</ocena>
    </film>
    <film id="fg" studio = "twentieth">
        <tytuł>Forrest Gump</tytuł>
        <reżyser>Robert Zemeckis</reżyser>
        <data_premiery>1994-11-04</data_premiery>
        <aktorzy>
            <aktor>
                <imię>Tom</imię>
                <nazwisko>Hanks</nazwisko>
            </aktor>
            <aktor>
                <imię>Robin</imię>
                <nazwisko>Wright</nazwisko>
            </aktor>
            <aktor>
                <imię>Gary</imię>
                <nazwisko>Sinise</nazwisko>
            </aktor>
        </aktorzy>
        <gatunek rodzaj="Dramat"/>
        <box_office waluta="Dolarów">677387716</box_office>
        <ograniczenie_wiekowe od_lat="13"/>
		<ocena>8</ocena>
    </film>
    <film id="lnkg" studio = "PIXAR">
        <tytuł>Lot nad kukułczym gniazdem</tytuł>
        <reżyser>Miloš Forman</reżyser>
        <data_premiery>1975-12-31</data_premiery>
        <aktorzy>
            <aktor>
                <imię>Jack</imię>
                <nazwisko>Nicholson</nazwisko>
            </aktor>
            <aktor>
                <imię>Louise</imię>
                <nazwisko>Fletcher</nazwisko>
            </aktor>
            <aktor>
                <imię>Michael</imię>
                <nazwisko>Berryman</nazwisko>
            </aktor>
            <aktor>
                <imię>Danny</imię>
                <nazwisko>DeVito</nazwisko>
            </aktor>
        </aktorzy>
        <gatunek rodzaj="Dramat"/>
        <ograniczenie_wiekowe od_lat="16"/>
		<ocena>4</ocena>
    </film>
    <film id="oc" studio = "twentieth">
        <tytuł>Ojciec chrzestny II</tytuł>
        <reżyser>Francis Ford Coppola</reżyser>
        <data_premiery>1974-12-12</data_premiery>
        <aktorzy>
            <aktor>
                <imię>Al</imię>
                <nazwisko>Pacino</nazwisko>
            </aktor>
            <aktor>
                <imię>Robert</imię>
                <nazwisko>Duvall</nazwisko>
            </aktor>
            <aktor>
                <imię>Diane</imię>
                <nazwisko>Keaton</nazwisko>
            </aktor>
            <aktor>
                <imię>Robert</imię>
                <nazwisko>De Niro</nazwisko>
            </aktor>
        </aktorzy>
        <gatunek rodzaj="Dramat"/>
        <box_office waluta="Dolarów">193000000</box_office>
        <ograniczenie_wiekowe od_lat="16"/>
		<ocena>6</ocena>
    </film>
    <film id="wppk" studio = "twentieth">
        <tytuł>Władca Pierścieni: Powrót króla</tytuł>
        <reżyser>Peter Jackson</reżyser>
        <data_premiery>2004-01-01</data_premiery>
        <aktorzy>
            <aktor>
                <imię>Elijah</imię>
                <nazwisko>Wood</nazwisko>
            </aktor>
            <aktor>
                <imię>Sean</imię>
                <nazwisko>Astin</nazwisko>
            </aktor>
            <aktor>
                <imię>Dominic</imię>
                <nazwisko>Monaghan</nazwisko>
            </aktor>
            <aktor>
                <imię>Billy</imię>
                <nazwisko>Boyd</nazwisko>
            </aktor>
            <aktor>
                <imię>Viggo</imię>
                <nazwisko>Mortensen</nazwisko>
            </aktor>
            <aktor>
                <imię>Ian</imię>
                <nazwisko>McKellen</nazwisko>
            </aktor>
            <aktor>
                <imię>Liv</imię>
                <nazwisko>Tyler</nazwisko>
            </aktor>
            <aktor>
                <imię>Orlando</imię>
                <nazwisko>Bloom</nazwisko>
            </aktor>
            <aktor>
                <imię>Hugo</imię>
                <nazwisko>Weaving</nazwisko>
            </aktor>
            <aktor>
                <imię>Cristopher</imię>
                <nazwisko>Lee</nazwisko>
            </aktor>
        </aktorzy>
        <gatunek rodzaj="Fantasy"/>
        <box_office waluta="Dolarów">1119929521</box_office>
        <ograniczenie_wiekowe od_lat="17"/>
		<ocena>9</ocena>
    </film>
    <film id="ls" studio = "twentieth">
        <tytuł>Lista Schindlera</tytuł>
        <reżyser>Steven Spielberg</reżyser>
        <data_premiery>1993-12-31</data_premiery>
        <aktorzy>
            <aktor>
                <imię>Liam</imię>
                <nazwisko>Neeson</nazwisko>
            </aktor>
            <aktor>
                <imię>Ben</imię>
                <nazwisko>Kingsley</nazwisko>
            </aktor>
            <aktor>
                <imię>Ralph</imię>
                <nazwisko>Fiennes</nazwisko>
            </aktor>
            <aktor>
                <imię>Caroline</imię>
                <nazwisko>Goodall</nazwisko>
            </aktor>
        </aktorzy>
        <gatunek rodzaj="Dramat"/>
        <box_office waluta="Dolarów">321306305</box_office>
        <ograniczenie_wiekowe od_lat="16"/>
		<ocena>3</ocena>
    </film>
    <film id="pf" studio = "twentieth">
        <tytuł>Pulp Fiction</tytuł>
        <reżyser>Quentin Tarantino</reżyser>
        <data_premiery>1995-05-19</data_premiery>
        <aktorzy>
            <aktor>
                <imię>John</imię>
                <nazwisko>Travolta</nazwisko>
            </aktor>
            <aktor>
                <imię>Samuel L.</imię>
                <nazwisko>Jackson</nazwisko>
            </aktor>
            <aktor>
                <imię>Uma</imię>
                <nazwisko>Thurman</nazwisko>
            </aktor>
            <aktor>
                <imię>Bruce</imię>
                <nazwisko>Willis</nazwisko>
            </aktor>
        </aktorzy>
        <gatunek rodzaj="Dokument"/>
        <box_office waluta="Dolarów">213928762</box_office>
        <ograniczenie_wiekowe od_lat="18"/>
		<ocena>9</ocena>
    </film>
    <film id="zjp" studio = "twentieth">
        <tytuł>Życie jest piękne</tytuł>
        <reżyser>Roberto Benigni</reżyser>
        <data_premiery>1999-03-12</data_premiery>
        <aktorzy>
            <aktor>
                <imię>Roberto</imię>
                <nazwisko>Benigni</nazwisko>
            </aktor>
            <aktor>
                <imię>Nicoletta</imię>
                <nazwisko>Braschi</nazwisko>
            </aktor>
            <aktor>
                <imię>Giorgio</imię>
                <nazwisko>Cantarini</nazwisko>
            </aktor>
        </aktorzy>
        <gatunek rodzaj="Dramat"/>
        <box_office waluta="Dolarów">229163264</box_office>
        <ograniczenie_wiekowe od_lat="16"/>
		<ocena>6</ocena>
    </film>
    <film id="sie" studio = "twentieth">
        <tytuł>Siedem</tytuł>
        <reżyser>David Fincher</reżyser>
        <data_premiery>1996-02-15</data_premiery>
        <aktorzy>
            <aktor>
                <imię>Morgan</imię>
                <nazwisko>Freeman</nazwisko>
            </aktor>
            <aktor>
                <imię>Brad</imię>
                <nazwisko>Pitt</nazwisko>
            </aktor>
            <aktor>
                <imię>Gwyneth</imię>
                <nazwisko>Paltrow</nazwisko>
            </aktor>
            <aktor>
                <imię>Kevin</imię>
                <nazwisko>Spacey</nazwisko>
            </aktor>
        </aktorzy>
        <gatunek rodzaj="Kryminał"/>
        <box_office waluta="Dolarów">327333559</box_office>
        <ograniczenie_wiekowe od_lat="15"/>
		<ocena>5</ocena>
    </film>
    <film id="wp" studio = "twentieth">
        <tytuł>Władca Pierścieni: Dwie wieże</tytuł>
        <reżyser>Peter Jackson</reżyser>
        <data_premiery>2003-01-31</data_premiery>
        <aktorzy>
            <aktor>
                <imię>Elijah</imię>
                <nazwisko>Wood</nazwisko>
            </aktor>
            <aktor>
                <imię>Sean</imię>
                <nazwisko>Astin</nazwisko>
            </aktor>
            <aktor>
                <imię>Dominic</imię>
                <nazwisko>Monaghan</nazwisko>
            </aktor>
            <aktor>
                <imię>Billy</imię>
                <nazwisko>Boyd</nazwisko>
            </aktor>
            <aktor>
                <imię>Viggo</imię>
                <nazwisko>Mortensen</nazwisko>
            </aktor>
            <aktor>
                <imię>Ian</imię>
                <nazwisko>McKellen</nazwisko>
            </aktor>
            <aktor>
                <imię>Liv</imię>
                <nazwisko>Tyler</nazwisko>
            </aktor>
            <aktor>
                <imię>Orlando</imię>
                <nazwisko>Bloom</nazwisko>
            </aktor>
            <aktor>
                <imię>Hugo</imię>
                <nazwisko>Weaving</nazwisko>
            </aktor>
            <aktor>
                <imię>Cristopher</imię>
                <nazwisko>Lee</nazwisko>
            </aktor>
        </aktorzy>
        <gatunek rodzaj="Fantasy"/>
        <box_office waluta="Dolarów">926047111</box_office>
        <ograniczenie_wiekowe od_lat="17"/>
		<ocena>7</ocena>
    </film>
    <film id="pk" studio = "PIXAR">
        <tytuł>Podziemny krąg</tytuł>
        <reżyser>David Fincher</reżyser>
        <data_premiery>2000-02-11</data_premiery>
        <aktorzy>
            <aktor>
                <imię>Brad</imię>
                <nazwisko>Pitt</nazwisko>
            </aktor>
            <aktor>
                <imię>Edward</imię>
                <nazwisko>Norton</nazwisko>
            </aktor><aktor>
                <imię>Jared</imię>
                <nazwisko>Leto</nazwisko>
            </aktor>
        </aktorzy>
        <gatunek rodzaj="Thriller"/>
        <box_office waluta="Dolarów">100853753</box_office>
        <ograniczenie_wiekowe od_lat="16"/>
		<ocena>5</ocena>
    </film>
    <film id="cf" studio = "PIXAR">
        <tytuł>Chłopcy z ferajny</tytuł>
        <reżyser>Martin Scorsese</reżyser>
        <data_premiery>1990-12-31</data_premiery>
        <aktorzy>
            <aktor>
                <imię>Robert</imię>
                <nazwisko>De Niro</nazwisko>
            </aktor>
            <aktor>
                <imię>Ray</imię>
                <nazwisko>Liotta</nazwisko>
            </aktor>
            <aktor>
                <imię>Joe</imię>
                <nazwisko>Pesci</nazwisko>
            </aktor>
        </aktorzy>
        <gatunek rodzaj="Dramat"/>
        <ograniczenie_wiekowe od_lat="16"/>
		<ocena>4</ocena>
    </film>
    <film id="pie" studio = "twentieth">
        <tytuł>Piękny umysł</tytuł>
        <reżyser>Ron Howard</reżyser>
        <data_premiery>2002-03-01</data_premiery>
        <aktorzy>
            <aktor>
                <imię>Russel</imię>
                <nazwisko>Crowe</nazwisko>
            </aktor>
            <aktor>
                <imię>Jennifer</imię>
                <nazwisko>Connely</nazwisko>
            </aktor>
            <aktor>
                <imię>Ed</imię>
                <nazwisko>Harris</nazwisko>
            </aktor>
        </aktorzy>
        <gatunek rodzaj="Dramat"/>
        <box_office waluta="Dolarów">313542341</box_office>
        <ograniczenie_wiekowe od_lat="13"/>
		<ocena>5</ocena>
    </film>
    <film id="pia" studio = "twentieth">
        <tytuł>Pianista</tytuł>
        <reżyser>Roman Polański</reżyser>
        <data_premiery>2002-05-24</data_premiery>
        <aktorzy>
            <aktor>
                <imię>Adrien</imię>
                <nazwisko>Brody</nazwisko>
            </aktor>
            <aktor>
                <imię>Thomas</imię>
                <nazwisko>Kretschmann</nazwisko>
            </aktor>
            <aktor>
                <imię>Emilia</imię>
                <nazwisko>Fox</nazwisko>
            </aktor>
        </aktorzy>
        <gatunek rodzaj="Dramat"/>
        <box_office waluta="Dolarów">120072577</box_office>
        <ograniczenie_wiekowe od_lat="16"/>
		<ocena>7</ocena>
    </film>
    <film id="in" studio = "twentieth">
        <tytuł>Incepcja</tytuł>
        <reżyser>Christopher Nolan</reżyser>
        <data_premiery>2010-07-30</data_premiery>
        <aktorzy>
            <aktor>
                <imię>Leonardo</imię>
                <nazwisko>DiCaprio</nazwisko>
            </aktor>
            <aktor>
                <imię>Joseph</imię>
                <nazwisko>Gordon-Levitt</nazwisko>
            </aktor>
            <aktor>
                <imię>Ellen</imię>
                <nazwisko>Page</nazwisko>
            </aktor>
            <aktor>
                <imię>Tom</imię>
                <nazwisko>Hardy</nazwisko>
            </aktor>
        </aktorzy>
        <gatunek rodzaj="Science-Fiction"/>
        <box_office waluta="Dolarów">825532764</box_office>
        <ograniczenie_wiekowe od_lat="13"/>
		<ocena>8</ocena>
    </film>
    <film id="dj" studio = "twentieth">
        <tytuł>Django</tytuł>
        <reżyser>Quentin Tarantino</reżyser>
        <data_premiery>2013-01-18</data_premiery>
        <aktorzy>
            <aktor>
                <imię>Jamie</imię>
                <nazwisko>Foxx</nazwisko>
            </aktor>
            <aktor>
                <imię>Cristoph</imię>
                <nazwisko>Waltz</nazwisko>
            </aktor>
            <aktor>
                <imię>Leonardo</imię>
                <nazwisko>DiCaprio</nazwisko>
            </aktor>
            <aktor>
                <imię>Samuel L.</imię>
                <nazwisko>Jackson</nazwisko>
            </aktor>
        </aktorzy>
        <gatunek rodzaj="Quentin_Tarantino"/>
        <box_office waluta="Dolarów">425368238</box_office>
        <ograniczenie_wiekowe od_lat="12"/>
		<ocena>8</ocena>
    </film>
    <film id="mo" studio = "twentieth">
        <tytuł>Milczenie owiec</tytuł>
        <reżyser>Jonathan Demme</reżyser>
        <data_premiery>1991-12-31</data_premiery>
        <aktorzy>
            <aktor>
                <imię>Anthony</imię>
                <nazwisko>Hopkins</nazwisko>
            </aktor>
            <aktor>
                <imię>Jodie</imię>
                <nazwisko>Foster</nazwisko>
            </aktor>
        </aktorzy>
        <gatunek rodzaj="Thriller"/>
        <box_office waluta="Dolarów">99999999</box_office>
        <ograniczenie_wiekowe od_lat="18"/>
		<ocena>6</ocena>
    </film>
</filmy>
    <studia>
        <studio identyfikator = "twentieth">20th Century Fox</studio>
        
        <studio identyfikator = "PIXAR">Pixar</studio>
    </studia>
	<wyświetlanie>
	<kina> 
	<kino id="CC">
	<nazwa>	CinemaCity </nazwa>
	<miasto> Warszawa </miasto>
	</kino>
	<kino id="HEL">
	<nazwa>	Helios </nazwa>
	<miasto> Poznań </miasto>
	</kino>
	<kino id="MK">
	<nazwa>	MultiKino </nazwa>
	<miasto> Wrocław </miasto>
	</kino>
	</kina>
	<seanse>
	<seans id_kina="CC" id_filmu="mo"	>
	<data_seansu>2018-04-03</data_seansu>
	</seans>
	<seans id_kina="HEL" id_filmu="sns"	>
	<data_seansu>2018-04-04</data_seansu>
	</seans>
	<seans id_kina="MK" id_filmu="dj"	>
	<data_seansu>2018-06-05</data_seansu>
	</seans>
	<seans id_kina="CC" id_filmu="wp"	>
	<data_seansu>2018-06-19</data_seansu>
	</seans>
	</seanse>
	</wyświetlanie>
</repertuar>

